{"cameraMode":{"drawMode":0,"name":"Shaded","section":"Shading Mode"},"sceneLighting":true,"audioPlay":false,"sceneViewState":{"m_AlwaysRefresh":false,"showFog":true,"showSkybox":true,"showFlares":true,"showImageEffects":true,"showParticleSystems":true,"showVisualEffectGraphs":true,"m_FxEnabled":true},"in2DMode":false,"pivot":{"x":2.2043793201446535,"y":2.4385826587677,"z":0.6331629753112793},"rotation":{"x":-0.07246517390012741,"y":-0.18532255291938783,"z":0.013688575476408005,"w":-0.9799654483795166},"size":3.0372021198272707,"orthographic":false}